PERMNO,date,COMNAM,PRC,VOL,RET,sprtrn
92102,20140909,COMSCORE INC,38.60000,136261,-0.008477,-0.006545
92102,20140910,COMSCORE INC,38.33000,182046,-0.006995,0.003646
92102,20140911,COMSCORE INC,38.78000,158601,0.011740,0.000882
92102,20140912,COMSCORE INC,39.34000,214401,0.014440,-0.005963
92102,20140915,COMSCORE INC,38.48000,151480,-0.021861,-0.000710
92102,20140916,COMSCORE INC,38.71000,156535,0.005977,0.007484
92102,20140917,COMSCORE INC,38.61000,116978,-0.002583,0.001296
92102,20140918,COMSCORE INC,38.92000,86471,0.008029,0.004891
92102,20140919,COMSCORE INC,38.37000,477328,-0.014132,-0.000477
92102,20140922,COMSCORE INC,37.70000,114869,-0.017462,-0.008013
92102,20140923,COMSCORE INC,37.24000,220197,-0.012202,-0.005776
92102,20140924,COMSCORE INC,37.76000,145462,0.013963,0.007832
92102,20140925,COMSCORE INC,37.13000,224361,-0.016684,-0.016169
92102,20140926,COMSCORE INC,37.46000,86517,0.008888,0.008576
92102,20140929,COMSCORE INC,37.21000,137494,-0.006674,-0.002547
92102,20140930,COMSCORE INC,36.41000,268116,-0.021500,-0.002786
92102,20141001,COMSCORE INC,35.73000,221439,-0.018676,-0.013249
92102,20141002,COMSCORE INC,36.52000,204877,0.022110,0.000005
92102,20141003,COMSCORE INC,36.60000,98320,0.002191,0.011166
92102,20141006,COMSCORE INC,36.56000,120822,-0.001093,-0.001565
92102,20141007,COMSCORE INC,35.66000,98428,-0.024617,-0.015126
92102,20141008,COMSCORE INC,37.12000,227698,0.040942,0.017462
92102,20141009,COMSCORE INC,35.86000,210407,-0.033944,-0.020661
92102,20141010,COMSCORE INC,36.00000,267420,0.003904,-0.011451
92102,20141013,COMSCORE INC,35.97000,341768,-0.000833,-0.016468
92102,20141014,COMSCORE INC,36.99000,361190,0.028357,0.001579
92102,20141015,COMSCORE INC,37.48000,263240,0.013247,-0.008100
92102,20141016,COMSCORE INC,36.96000,172457,-0.013874,0.000145
92102,20141017,COMSCORE INC,36.97000,139760,0.000271,0.012884
92102,20141020,COMSCORE INC,37.65000,144503,0.018393,0.009143
92102,20141021,COMSCORE INC,38.10000,193136,0.011952,0.019574
92102,20141022,COMSCORE INC,37.08000,202938,-0.026772,-0.007299
92102,20141023,COMSCORE INC,37.84000,211385,0.020496,0.012303
92102,20141024,COMSCORE INC,38.22000,109287,0.010042,0.007053
92102,20141027,COMSCORE INC,39.38000,429879,0.030351,-0.001502
92102,20141028,COMSCORE INC,38.75000,635503,-0.015998,0.011939
92102,20141029,COMSCORE INC,40.44000,599142,0.043613,-0.001385
92102,20141030,COMSCORE INC,41.75000,332542,0.032394,0.006230
92102,20141031,COMSCORE INC,42.14000,329089,0.009341,0.011731
92102,20141103,COMSCORE INC,41.75000,180239,-0.009255,-0.000119
92102,20141104,COMSCORE INC,42.10000,163739,0.008383,-0.002830
92102,20141105,COMSCORE INC,42.84000,340546,0.017577,0.005701
92102,20141106,COMSCORE INC,42.98000,123848,0.003268,0.003776
92102,20141107,COMSCORE INC,42.92000,157669,-0.001396,0.000350
92102,20141110,COMSCORE INC,43.27000,267436,0.008155,0.003120
92102,20141111,COMSCORE INC,43.23000,129933,-0.000924,0.000697
92102,20141112,COMSCORE INC,43.46000,181170,0.005320,-0.000701
92102,20141113,COMSCORE INC,42.92000,203918,-0.012425,0.000530
92102,20141114,COMSCORE INC,43.10000,161036,0.004194,0.000240
92102,20141117,COMSCORE INC,43.55000,246858,0.010441,0.000735
92102,20141118,COMSCORE INC,44.16000,283398,0.014007,0.005134
92102,20141119,COMSCORE INC,42.97000,322470,-0.026947,-0.001501
92102,20141120,COMSCORE INC,43.14000,157272,0.003956,0.001967
92102,20141121,COMSCORE INC,42.49000,153111,-0.015067,0.005237
92102,20141124,COMSCORE INC,43.40000,174316,0.021417,0.002864
92102,20141125,COMSCORE INC,43.55000,176514,0.003456,-0.001150
92102,20141126,COMSCORE INC,44.41000,156511,0.019747,0.002806
92102,20141128,COMSCORE INC,43.97000,87826,-0.009908,-0.002542
92102,20141201,COMSCORE INC,43.17000,179181,-0.018194,-0.006829
92102,20141202,COMSCORE INC,45.15000,716187,0.045865,0.006384
92102,20141203,COMSCORE INC,44.93000,168704,-0.004873,0.003765
92102,20141204,COMSCORE INC,44.51000,252603,-0.009348,-0.001162
92102,20141205,COMSCORE INC,43.70000,307547,-0.018198,0.001665
92102,20141208,COMSCORE INC,43.63000,391308,-0.001602,-0.007257
92102,20141209,COMSCORE INC,44.74000,276208,0.025441,-0.000238
92102,20141210,COMSCORE INC,44.00000,330896,-0.016540,-0.016351
92102,20141211,COMSCORE INC,44.46000,176983,0.010455,0.004536
92102,20141212,COMSCORE INC,44.13000,176070,-0.007422,-0.016214
92102,20141215,COMSCORE INC,44.18000,244519,0.001133,-0.006343
92102,20141216,COMSCORE INC,43.50000,176730,-0.015392,-0.008489
92102,20141217,COMSCORE INC,44.96000,353459,0.033563,0.020352
92102,20141218,COMSCORE INC,46.28000,270563,0.029359,0.024015
92102,20141219,COMSCORE INC,47.14000,506681,0.018583,0.004570
92102,20141222,COMSCORE INC,46.98000,218221,-0.003394,0.003810
92102,20141223,COMSCORE INC,47.04000,123639,0.001277,0.001746
92102,20141224,COMSCORE INC,47.60000,75449,0.011905,-0.000139
92102,20141226,COMSCORE INC,47.47000,89124,-0.002731,0.003310
92102,20141229,COMSCORE INC,46.99000,119018,-0.010112,0.000862
92102,20141230,COMSCORE INC,46.90000,102414,-0.001915,-0.004889
92102,20141231,COMSCORE INC,46.43000,250513,-0.010021,-0.010311
92102,20150102,COMSCORE INC,45.61000,139662,-0.017661,-0.000340
92102,20150105,COMSCORE INC,44.68000,259311,-0.020390,-0.018278
92102,20150106,COMSCORE INC,44.21000,731086,-0.010519,-0.008893
92102,20150107,COMSCORE INC,43.74000,297497,-0.010631,0.011630
92102,20150108,COMSCORE INC,44.08000,193656,0.007773,0.017888
92102,20150109,COMSCORE INC,43.19000,132283,-0.020191,-0.008404
92102,20150112,COMSCORE INC,42.94000,202022,-0.005788,-0.008094
92102,20150113,COMSCORE INC,42.85000,230317,-0.002096,-0.002579
92102,20150114,COMSCORE INC,42.66500,179529,-0.004317,-0.005813
92102,20150115,COMSCORE INC,41.30000,227794,-0.031993,-0.009248
92102,20150116,COMSCORE INC,40.25000,482408,-0.025424,0.013424
92102,20150120,COMSCORE INC,40.39000,508809,0.003478,0.001550
92102,20150121,COMSCORE INC,40.51000,233602,0.002971,0.004732
92102,20150122,COMSCORE INC,41.27000,381320,0.018761,0.015270
92102,20150123,COMSCORE INC,41.39000,177083,0.002908,-0.005492
92102,20150126,COMSCORE INC,41.14000,288299,-0.006040,0.002568
92102,20150127,COMSCORE INC,40.92000,174587,-0.005348,-0.013388
92102,20150128,COMSCORE INC,40.82000,221258,-0.002444,-0.013496
92102,20150129,COMSCORE INC,41.37000,192856,0.013474,0.009535
92102,20150130,COMSCORE INC,41.56000,342723,0.004593,-0.012992
92102,20150202,COMSCORE INC,41.85000,257298,0.006978,0.012962
92102,20150203,COMSCORE INC,43.02000,276345,0.027957,0.014439
92102,20150204,COMSCORE INC,43.35000,305874,0.007671,-0.004156
92102,20150205,COMSCORE INC,43.82000,165044,0.010842,0.010291
92102,20150206,COMSCORE INC,44.02000,210696,0.004564,-0.003418
92102,20150209,COMSCORE INC,43.70000,231718,-0.007269,-0.004247
92102,20150210,COMSCORE INC,43.99000,415220,0.006636,0.010676
92102,20150211,COMSCORE INC,43.16000,380982,-0.018868,-0.000029
92102,20150212,COMSCORE INC,54.45000,2462033,0.261585,0.009645
92102,20150213,COMSCORE INC,53.35000,487774,-0.020202,0.004075
92102,20150217,COMSCORE INC,52.24000,330622,-0.020806,0.001598
92102,20150218,COMSCORE INC,51.81000,266706,-0.008231,-0.000314
92102,20150219,COMSCORE INC,51.45000,192481,-0.006948,-0.001062
92102,20150220,COMSCORE INC,51.44000,181346,-0.000194,0.006126
92102,20150223,COMSCORE INC,51.50000,244529,0.001166,-0.000303
92102,20150224,COMSCORE INC,51.53000,195368,0.000583,0.002759
92102,20150225,COMSCORE INC,51.93000,286779,0.007762,-0.000766
92102,20150226,COMSCORE INC,52.12000,360957,0.003659,-0.001476
92102,20150227,COMSCORE INC,51.59000,319154,-0.010169,-0.002956
92102,20150302,COMSCORE INC,52.48000,278312,0.017251,0.006125
92102,20150303,COMSCORE INC,51.93000,177290,-0.010480,-0.004539
92102,20150304,COMSCORE INC,50.80000,238719,-0.021760,-0.004389
92102,20150305,COMSCORE INC,50.50000,242328,-0.005905,0.001196
92102,20150306,COMSCORE INC,49.45000,183572,-0.020792,-0.014174
92102,20150309,COMSCORE INC,50.94000,271377,0.030131,0.003944
92102,20150310,COMSCORE INC,49.36000,236809,-0.031017,-0.016961
92102,20150311,COMSCORE INC,49.17000,227075,-0.003849,-0.001918
92102,20150312,COMSCORE INC,50.06000,244363,0.018101,0.012601
92102,20150313,COMSCORE INC,49.75000,148405,-0.006193,-0.006075
92102,20150316,COMSCORE INC,49.82000,283604,0.001407,0.013534
92102,20150317,COMSCORE INC,49.90000,238153,0.001606,-0.003320
92102,20150318,COMSCORE INC,49.69000,223646,-0.004208,0.012158
92102,20150319,COMSCORE INC,49.42000,373897,-0.005434,-0.004873
92102,20150320,COMSCORE INC,50.00000,462755,0.011736,0.009013
92102,20150323,COMSCORE INC,49.79000,186570,-0.004200,-0.001746
92102,20150324,COMSCORE INC,51.05000,337517,0.025306,-0.006139
92102,20150325,COMSCORE INC,49.48000,374596,-0.030754,-0.014559
92102,20150326,COMSCORE INC,49.33000,147724,-0.003031,-0.002377
92102,20150327,COMSCORE INC,50.82000,155566,0.030205,0.002369
92102,20150330,COMSCORE INC,51.79000,175102,0.019087,0.012237
92102,20150331,COMSCORE INC,51.20000,173667,-0.011392,-0.008796
92102,20150401,COMSCORE INC,51.42000,250746,0.004297,-0.003965
92102,20150402,COMSCORE INC,51.04000,179312,-0.007390,0.003530
92102,20150406,COMSCORE INC,50.63000,132937,-0.008033,0.006609
92102,20150407,COMSCORE INC,51.46000,176732,0.016393,-0.002062
92102,20150408,COMSCORE INC,52.61000,188819,0.022347,0.002683
92102,20150409,COMSCORE INC,52.11000,211546,-0.009504,0.004457
92102,20150410,COMSCORE INC,52.26000,162795,0.002878,0.005203
92102,20150413,COMSCORE INC,52.27000,145395,0.000191,-0.004581
92102,20150414,COMSCORE INC,52.34000,219987,0.001339,0.001630
92102,20150415,COMSCORE INC,52.85000,316363,0.009744,0.005148
92102,20150416,COMSCORE INC,54.06000,218072,0.022895,-0.000778
92102,20150417,COMSCORE INC,52.89000,316029,-0.021643,-0.011311
92102,20150420,COMSCORE INC,53.50000,190118,0.011533,0.009235
92102,20150421,COMSCORE INC,53.66000,130709,0.002991,-0.001481
92102,20150422,COMSCORE INC,53.33000,158035,-0.006150,0.005088
92102,20150423,COMSCORE INC,53.35000,158619,0.000375,0.002358
92102,20150424,COMSCORE INC,53.48000,125381,0.002437,0.002253
92102,20150427,COMSCORE INC,53.85000,181924,0.006918,-0.004141
92102,20150428,COMSCORE INC,53.13000,184926,-0.013370,0.002769
92102,20150429,COMSCORE INC,53.12000,150997,-0.000188,-0.003740
92102,20150430,COMSCORE INC,52.36000,244638,-0.014307,-0.010129
92102,20150501,COMSCORE INC,52.64000,214883,0.005348,0.010923
92102,20150504,COMSCORE INC,51.54000,323969,-0.020897,0.002941
92102,20150505,COMSCORE INC,48.50000,1544816,-0.058983,-0.011837
92102,20150506,COMSCORE INC,49.43000,692158,0.019175,-0.004456
92102,20150507,COMSCORE INC,50.89000,321094,0.029537,0.003774
92102,20150508,COMSCORE INC,50.02000,384847,-0.017096,0.013458
92102,20150511,COMSCORE INC,50.92000,290098,0.017993,-0.005090
92102,20150512,COMSCORE INC,51.12000,315869,0.003928,-0.002950
92102,20150513,COMSCORE INC,52.69000,475909,0.030712,-0.000305
92102,20150514,COMSCORE INC,54.03000,253176,0.025432,0.010779
92102,20150515,COMSCORE INC,54.81000,425578,0.014436,0.000768
92102,20150518,COMSCORE INC,55.28000,337578,0.008575,0.003048
92102,20150519,COMSCORE INC,55.74000,265026,0.008321,-0.000643
92102,20150520,COMSCORE INC,55.38000,274058,-0.006459,-0.000931
92102,20150521,COMSCORE INC,55.98000,212030,0.010834,0.002338
92102,20150522,COMSCORE INC,56.26000,220375,0.005002,-0.002234
92102,20150526,COMSCORE INC,56.26000,258640,0.000000,-0.010282
92102,20150527,COMSCORE INC,56.36000,194351,0.001778,0.009163
92102,20150528,COMSCORE INC,56.95000,192457,0.010468,-0.001267
92102,20150529,COMSCORE INC,56.58000,308178,-0.006497,-0.006318
92102,20150601,COMSCORE INC,57.06000,189964,0.008484,0.002059
92102,20150602,COMSCORE INC,57.17000,130384,0.001928,-0.001009
92102,20150603,COMSCORE INC,57.68000,256264,0.008921,0.002119
92102,20150604,COMSCORE INC,56.75000,160470,-0.016123,-0.008623
92102,20150605,COMSCORE INC,57.65000,119541,0.015859,-0.001436
92102,20150608,COMSCORE INC,56.48000,174953,-0.020295,-0.006474
92102,20150609,COMSCORE INC,56.35000,146914,-0.002302,0.000418
92102,20150610,COMSCORE INC,57.81000,291493,0.025910,0.012042
92102,20150611,COMSCORE INC,57.57000,191084,-0.004152,0.001739
92102,20150612,COMSCORE INC,57.64000,210639,0.001216,-0.006994
92102,20150615,COMSCORE INC,53.56000,603759,-0.070784,-0.004622
92102,20150616,COMSCORE INC,53.62000,366248,0.001120,0.005690
92102,20150617,COMSCORE INC,53.58000,327677,-0.000746,0.001980
92102,20150618,COMSCORE INC,54.31000,347125,0.013624,0.009903
92102,20150619,COMSCORE INC,54.38000,381283,0.001289,-0.005304
92102,20150622,COMSCORE INC,55.62000,235915,0.022802,0.006095
92102,20150623,COMSCORE INC,55.82000,217918,0.003596,0.000636
92102,20150624,COMSCORE INC,55.06000,243043,-0.013615,-0.007353
92102,20150625,COMSCORE INC,54.57000,209696,-0.008899,-0.002974
92102,20150626,COMSCORE INC,54.00000,338613,-0.010445,-0.000390
92102,20150629,COMSCORE INC,52.91000,354457,-0.020185,-0.020866
92102,20150630,COMSCORE INC,53.26000,294110,0.006615,0.002658
92102,20150701,COMSCORE INC,53.45000,231943,0.003567,0.006936
92102,20150702,COMSCORE INC,53.25000,159689,-0.003742,-0.000308
92102,20150706,COMSCORE INC,52.99000,171383,-0.004883,-0.003862
92102,20150707,COMSCORE INC,53.00000,265846,0.000189,0.006081
92102,20150708,COMSCORE INC,52.84000,302036,-0.003019,-0.016653
92102,20150709,COMSCORE INC,54.17000,326703,0.025170,0.002262
92102,20150710,COMSCORE INC,55.14000,182358,0.017907,0.012338
92102,20150713,COMSCORE INC,56.48000,192648,0.024302,0.011066
92102,20150714,COMSCORE INC,56.23000,191599,-0.004426,0.004453
92102,20150715,COMSCORE INC,56.35000,157755,0.002134,-0.000735
92102,20150716,COMSCORE INC,57.74000,169104,0.024667,0.008015
92102,20150717,COMSCORE INC,58.84000,237537,0.019051,0.001106
92102,20150720,COMSCORE INC,58.25000,225182,-0.010027,0.000771
92102,20150721,COMSCORE INC,58.04000,168640,-0.003605,-0.004262
92102,20150722,COMSCORE INC,58.29000,186315,0.004307,-0.002388
92102,20150723,COMSCORE INC,57.27000,127375,-0.017499,-0.005676
92102,20150724,COMSCORE INC,56.63000,209175,-0.011175,-0.010703
92102,20150727,COMSCORE INC,56.43000,147112,-0.003532,-0.005775
92102,20150728,COMSCORE INC,57.17000,152399,0.013114,0.012386
92102,20150729,COMSCORE INC,56.80000,140989,-0.006472,0.007319
92102,20150730,COMSCORE INC,57.06000,179133,0.004578,0.000028
92102,20150731,COMSCORE INC,58.50000,203803,0.025237,-0.002272
92102,20150803,COMSCORE INC,58.87000,333427,0.006325,-0.002757
92102,20150804,COMSCORE INC,56.68000,584111,-0.037201,-0.002250
92102,20150805,COMSCORE INC,61.76000,702133,0.089626,0.003115
92102,20150806,COMSCORE INC,60.52000,361096,-0.020078,-0.007753
92102,20150807,COMSCORE INC,60.96000,267107,0.007270,-0.002875
92102,20150810,COMSCORE INC,61.35000,244296,0.006398,0.012808
92102,20150811,COMSCORE INC,61.51000,296400,0.002608,-0.009557
92102,20150812,COMSCORE INC,62.11000,314461,0.009755,0.000950
92102,20150813,COMSCORE INC,61.92000,215498,-0.003059,-0.001275
92102,20150814,COMSCORE INC,63.99000,252836,0.033430,0.003912
92102,20150817,COMSCORE INC,64.64000,296399,0.010158,0.005211
92102,20150818,COMSCORE INC,64.30000,302710,-0.005260,-0.002626
92102,20150819,COMSCORE INC,63.45000,269960,-0.013219,-0.008255
92102,20150820,COMSCORE INC,59.70000,738770,-0.059102,-0.021100
92102,20150821,COMSCORE INC,56.50000,752937,-0.053601,-0.031851
92102,20150824,COMSCORE INC,53.11000,570310,-0.060000,-0.039414
92102,20150825,COMSCORE INC,53.97000,527859,0.016193,-0.013522
92102,20150826,COMSCORE INC,53.42000,543279,-0.010191,0.039034
92102,20150827,COMSCORE INC,53.74000,379309,0.005990,0.024298
92102,20150828,COMSCORE INC,53.46000,457370,-0.005210,0.000609
92102,20150831,COMSCORE INC,52.21000,382768,-0.023382,-0.008392
92102,20150901,COMSCORE INC,48.15000,698711,-0.077763,-0.029576
92102,20150902,COMSCORE INC,44.37000,1995363,-0.078505,0.018293
92102,20150903,COMSCORE INC,46.87000,1409160,0.056344,0.001165
92102,20150904,COMSCORE INC,47.29000,638059,0.008961,-0.015330
92102,20150908,COMSCORE INC,48.19000,463604,0.019031,0.025083
92102,20150909,COMSCORE INC,48.66000,507055,0.009753,-0.013898
92102,20150910,COMSCORE INC,48.78000,307584,0.002466,0.005278
92102,20150911,COMSCORE INC,48.96000,223167,0.003690,0.004487
92102,20150914,COMSCORE INC,48.88000,206522,-0.001634,-0.004090
92102,20150915,COMSCORE INC,48.79000,259517,-0.001841,0.012831
92102,20150916,COMSCORE INC,49.81000,239735,0.020906,0.008705
92102,20150917,COMSCORE INC,49.30000,287206,-0.010239,-0.002561
92102,20150918,COMSCORE INC,47.80000,731816,-0.030426,-0.016164
92102,20150921,COMSCORE INC,48.74000,373230,0.019665,0.004566
92102,20150922,COMSCORE INC,47.43000,252009,-0.026877,-0.012318
92102,20150923,COMSCORE INC,46.55000,364260,-0.018554,-0.002049
92102,20150924,COMSCORE INC,46.26000,305629,-0.006230,-0.003363
92102,20150925,COMSCORE INC,45.01000,284686,-0.027021,-0.000466
92102,20150928,COMSCORE INC,43.15000,257772,-0.041324,-0.025666
92102,20150929,COMSCORE INC,41.47000,374364,-0.038934,0.001233
92102,20150930,COMSCORE INC,46.15000,1689540,0.112853,0.019076
92102,20151001,COMSCORE INC,46.85000,705963,0.015168,0.001974
92102,20151002,COMSCORE INC,48.12000,574838,0.027108,0.014315
92102,20151005,COMSCORE INC,49.73000,538037,0.033458,0.018290
92102,20151006,COMSCORE INC,48.84000,620686,-0.017897,-0.003588
92102,20151007,COMSCORE INC,50.22000,726230,0.028256,0.008036
92102,20151008,COMSCORE INC,50.61000,323036,0.007766,0.008818
92102,20151009,COMSCORE INC,51.00000,407036,0.007706,0.000725
92102,20151012,COMSCORE INC,50.47000,235937,-0.010392,0.001276
92102,20151013,COMSCORE INC,49.23000,315159,-0.024569,-0.006825
92102,20151014,COMSCORE INC,46.78000,354784,-0.049766,-0.004716
92102,20151015,COMSCORE INC,46.99000,472790,0.004489,0.014853
92102,20151016,COMSCORE INC,44.55000,965043,-0.051926,0.004570
92102,20151019,COMSCORE INC,45.99000,813763,0.032323,0.000271
92102,20151020,COMSCORE INC,44.07000,328399,-0.041748,-0.001421
92102,20151021,COMSCORE INC,41.03000,739063,-0.068981,-0.005825
92102,20151022,COMSCORE INC,43.10000,548923,0.050451,0.016628
92102,20151023,COMSCORE INC,43.24000,240609,0.003248,0.011030
92102,20151026,COMSCORE INC,43.05000,260760,-0.004394,-0.001913
92102,20151027,COMSCORE INC,42.34000,277989,-0.016492,-0.002554
92102,20151028,COMSCORE INC,42.65000,571942,0.007322,0.011840
92102,20151029,COMSCORE INC,42.45000,317874,-0.004689,-0.000450
92102,20151030,COMSCORE INC,42.78000,475124,0.007774,-0.004810
92102,20151102,COMSCORE INC,44.62000,376919,0.043011,0.011874
92102,20151103,COMSCORE INC,44.66000,287329,0.000896,0.002728
92102,20151104,COMSCORE INC,43.32000,635508,-0.030004,-0.003545
92102,20151105,COMSCORE INC,45.19000,715679,0.043167,-0.001132
92102,20151106,COMSCORE INC,46.57000,573248,0.030538,-0.000348
92102,20151109,COMSCORE INC,44.19000,498945,-0.051106,-0.009823
92102,20151110,COMSCORE INC,44.44000,313762,0.005657,0.001511
92102,20151111,COMSCORE INC,43.77000,226269,-0.015076,-0.003228
92102,20151112,COMSCORE INC,42.79000,249857,-0.022390,-0.013990
92102,20151113,COMSCORE INC,42.10000,347853,-0.016125,-0.011207
92102,20151116,COMSCORE INC,43.28000,298778,0.028029,0.014903
92102,20151117,COMSCORE INC,42.81000,354266,-0.010859,-0.001339
92102,20151118,COMSCORE INC,42.34000,399849,-0.010979,0.016162
92102,20151119,COMSCORE INC,42.73000,273335,0.009211,-0.001123
92102,20151120,COMSCORE INC,42.24000,326873,-0.011467,0.003810
92102,20151123,COMSCORE INC,40.56000,317771,-0.039773,-0.001235
92102,20151124,COMSCORE INC,40.94000,347933,0.009369,0.001222
92102,20151125,COMSCORE INC,42.02000,199674,0.026380,-0.000129
92102,20151127,COMSCORE INC,42.25000,67139,0.005474,0.000594
92102,20151130,COMSCORE INC,42.10000,242285,-0.003550,-0.004641
92102,20151201,COMSCORE INC,43.52000,276347,0.033729,0.010681
92102,20151202,COMSCORE INC,44.46000,380086,0.021599,-0.010996
92102,20151203,COMSCORE INC,44.00000,600119,-0.010346,-0.014374
92102,20151204,COMSCORE INC,43.56000,500216,-0.010000,0.020526
92102,20151207,COMSCORE INC,43.36000,299531,-0.004591,-0.006990
92102,20151208,COMSCORE INC,42.38000,156562,-0.022601,-0.006490
92102,20151209,COMSCORE INC,41.51000,157342,-0.020529,-0.007739
92102,20151210,COMSCORE INC,40.73000,206045,-0.018791,0.002251
92102,20151211,COMSCORE INC,38.92000,404908,-0.044439,-0.019423
92102,20151214,COMSCORE INC,37.49000,597726,-0.036742,0.004756
92102,20151215,COMSCORE INC,38.00000,876754,0.013604,0.010619
92102,20151216,COMSCORE INC,38.06000,435969,0.001579,0.014515
92102,20151217,COMSCORE INC,38.36000,455576,0.007882,-0.015041
92102,20151218,COMSCORE INC,38.23000,745548,-0.003389,-0.017797
92102,20151221,COMSCORE INC,38.42000,259927,0.004970,0.007778
92102,20151222,COMSCORE INC,39.60000,264169,0.030713,0.008817
92102,20151223,COMSCORE INC,40.95000,419182,0.034091,0.012418
92102,20151224,COMSCORE INC,41.20000,175367,0.006105,-0.001599
92102,20151228,COMSCORE INC,41.47000,365252,0.006553,-0.002179
92102,20151229,COMSCORE INC,42.14000,390017,0.016156,0.010630
92102,20151230,COMSCORE INC,42.01000,294169,-0.003085,-0.007217
92102,20151231,COMSCORE INC,41.15000,317285,-0.020471,-0.009412
92102,20160104,COMSCORE INC,40.54000,848229,-0.014824,-0.015304
92102,20160105,COMSCORE INC,40.18000,393892,-0.008880,0.002012
92102,20160106,COMSCORE INC,39.48000,352174,-0.017422,-0.013115
92102,20160107,COMSCORE INC,38.22000,349753,-0.031915,-0.023700
92102,20160108,COMSCORE INC,36.40000,407408,-0.047619,-0.010838
92102,20160111,COMSCORE INC,36.03000,560975,-0.010165,0.000853
92102,20160112,COMSCORE INC,37.73000,605508,0.047183,0.007803
92102,20160113,COMSCORE INC,38.33000,750687,0.015903,-0.024965
92102,20160114,COMSCORE INC,41.41000,839756,0.080355,0.016696
92102,20160115,COMSCORE INC,42.35000,903926,0.022700,-0.021599
92102,20160119,COMSCORE INC,36.68000,1096477,-0.133884,0.000532
92102,20160120,COMSCORE INC,37.50000,1036712,0.022355,-0.011694
92102,20160121,COMSCORE INC,38.84000,567172,0.035733,0.005195
92102,20160122,COMSCORE INC,40.78000,525740,0.049948,0.020284
92102,20160125,COMSCORE INC,41.20000,755228,0.010299,-0.015638
92102,20160126,COMSCORE INC,42.99000,1185006,0.043447,0.014144
92102,20160127,COMSCORE INC,39.44000,878694,-0.082577,-0.010863
92102,20160128,COMSCORE INC,39.57000,673302,0.003296,0.005529
92102,20160129,COMSCORE INC,38.53000,7308254,-0.026283,0.024760
92102,20160201,COMSCORE INC,39.00000,1087371,0.012198,-0.000443
92102,20160202,COMSCORE INC,37.94000,1195393,-0.027180,-0.018743
92102,20160203,COMSCORE INC,39.19000,828214,0.032947,0.004992
92102,20160204,COMSCORE INC,39.76000,453596,0.014545,0.001527
92102,20160205,COMSCORE INC,35.89000,722852,-0.097334,-0.018481
92102,20160208,COMSCORE INC,34.42000,836809,-0.040959,-0.014154
92102,20160209,COMSCORE INC,34.29000,613639,-0.003777,-0.000664
92102,20160210,COMSCORE INC,35.18000,624943,0.025955,-0.000189
92102,20160211,COMSCORE INC,34.76000,722551,-0.011939,-0.012301
92102,20160212,COMSCORE INC,35.60000,640838,0.024166,0.019518
92102,20160216,COMSCORE INC,37.58000,1038820,0.055618,0.016517
92102,20160217,COMSCORE INC,37.34000,1653416,-0.006386,0.016480
92102,20160218,COMSCORE INC,38.57000,1049849,0.032941,-0.004666
92102,20160219,COMSCORE INC,39.29000,1148852,0.018667,-0.000026
92102,20160222,COMSCORE INC,40.87000,708431,0.040214,0.014454
92102,20160223,COMSCORE INC,40.81000,585864,-0.001468,-0.012454
92102,20160224,COMSCORE INC,42.51000,523315,0.041656,0.004440
92102,20160225,COMSCORE INC,42.27000,511381,-0.005646,0.011348
92102,20160226,COMSCORE INC,42.95000,595233,0.016087,-0.001870
92102,20160229,COMSCORE INC,41.15000,748603,-0.041909,-0.008121
92102,20160301,COMSCORE INC,40.00000,2011859,-0.027947,0.023869
92102,20160302,COMSCORE INC,40.00000,759449,0.000000,0.004094
92102,20160303,COMSCORE INC,40.10000,810781,0.002500,0.003499
92102,20160304,COMSCORE INC,40.71000,503724,0.015212,0.003306
92102,20160307,COMSCORE INC,27.04000,9502930,-0.335790,0.000885
92102,20160308,COMSCORE INC,27.41000,2680140,0.013683,-0.011240
92102,20160309,COMSCORE INC,27.34000,1309684,-0.002554,0.005052
92102,20160310,COMSCORE INC,27.22000,1051808,-0.004389,0.000156
92102,20160311,COMSCORE INC,28.29000,1163952,0.039309,0.016396
92102,20160314,COMSCORE INC,30.67000,1261358,0.084129,-0.001261
92102,20160315,COMSCORE INC,29.23000,905335,-0.046951,-0.001837
92102,20160316,COMSCORE INC,29.84000,450643,0.020869,0.005600
92102,20160317,COMSCORE INC,30.11000,758448,0.009048,0.006595
92102,20160318,COMSCORE INC,30.50000,1390109,0.012952,0.004406
92102,20160321,COMSCORE INC,30.24000,817508,-0.008525,0.000986
92102,20160322,COMSCORE INC,30.54000,461020,0.009921,-0.000877
92102,20160323,COMSCORE INC,29.66000,427923,-0.028815,-0.006386
92102,20160324,COMSCORE INC,29.85000,270678,0.006406,-0.000378
92102,20160328,COMSCORE INC,29.82000,279768,-0.001005,0.000545
92102,20160329,COMSCORE INC,30.38000,406655,0.018779,0.008817
92102,20160330,COMSCORE INC,30.50000,488601,0.003950,0.004350
92102,20160331,COMSCORE INC,30.04000,529410,-0.015082,-0.002040
92102,20160401,COMSCORE INC,30.58000,640417,0.017976,0.006331
92102,20160404,COMSCORE INC,30.07000,466124,-0.016678,-0.003208
92102,20160405,COMSCORE INC,29.53000,319056,-0.017958,-0.010145
92102,20160406,COMSCORE INC,30.27000,303393,0.025059,0.010508
92102,20160407,COMSCORE INC,29.74000,307123,-0.017509,-0.011976
92102,20160408,COMSCORE INC,28.81000,483590,-0.031271,0.002787
92102,20160411,COMSCORE INC,28.96000,376382,0.005207,-0.002740
92102,20160412,COMSCORE INC,28.57000,455394,-0.013467,0.009662
92102,20160413,COMSCORE INC,29.54000,554681,0.033952,0.010040
92102,20160414,COMSCORE INC,29.54000,422146,0.000000,0.000173
92102,20160415,COMSCORE INC,29.63000,382717,0.003047,-0.000984
92102,20160418,COMSCORE INC,30.70000,305901,0.036112,0.006541
92102,20160419,COMSCORE INC,31.04000,256835,0.011075,0.003085
92102,20160420,COMSCORE INC,30.72000,450826,-0.010309,0.000762
92102,20160421,COMSCORE INC,31.30000,375122,0.018880,-0.005194
92102,20160422,COMSCORE INC,31.11000,445290,-0.006070,0.000048
92102,20160425,COMSCORE INC,30.30000,357664,-0.026037,-0.001812
92102,20160426,COMSCORE INC,31.19000,372380,0.029373,0.001873
92102,20160427,COMSCORE INC,30.61000,288836,-0.018596,0.001649
92102,20160428,COMSCORE INC,29.88000,503753,-0.023848,-0.009231
92102,20160429,COMSCORE INC,30.62000,527614,0.024766,-0.005063
92102,20160502,COMSCORE INC,30.52000,656435,-0.003266,0.007810
92102,20160503,COMSCORE INC,28.45000,760088,-0.067824,-0.008677
92102,20160504,COMSCORE INC,27.90000,744226,-0.019332,-0.005937
